panel,network,mean,n
Jan 1,Chicago LCS,5.926801470588236,272
Jan 1,EPA AQS,5.212083300000001,10
Shared period,Chicago LCS,10.849526732482918,277
Shared period,EPA AQS,9.302139196198945,10
