dataset_key,city,sensors,max_period_abs_shift_ugm3,median_period_abs_shift_ugm3,max_daily_mae_ugm3,median_daily_mae_ugm3,max_daily_p95_abs_diff_ugm3
dhaka_lcs,Dhaka,35,0.9207341940903646,0.16484220388210957,1.0100975219952646,0.3004867381488655,3.4656628022722464
lucknow_lcs,Lucknow,71,0.7569377075611783,0.15713358561225022,0.6470248304371973,0.13479677262874065,1.8315084799841437
chicago_lcs_corrected_no_collocation,Chicago,277,0.03131791830943165,0.0020878352356348273,0.02812316800896055,0.0030841514190468565,0.07403390351612726
