dataset_key,city,sensor_count,grid_points_inside_hull,primary_equal_sensor_period_mean_ugm3,approx_voronoi_weighted_period_mean_ugm3,period_delta_weighted_minus_equal_ugm3,period_delta_weighted_minus_equal_pct,max_sensor_weight_pct,min_sensor_weight_pct,median_sensor_weight_pct,effective_sensor_count_from_weights,daily_days_compared,daily_mean_diff_ugm3,daily_median_diff_ugm3,daily_mae_ugm3,daily_p95_abs_diff_ugm3,daily_max_abs_diff_ugm3
dhaka_lcs,Dhaka,35,15148,55.14721850399361,56.934078944290476,1.78686044029687,3.2401642163828637,8.040665434380777,0.019804594665962502,2.7066279376815423,22.647586501495084,365,1.9675964958888028,1.324044549168729,2.3043799245046412,6.899829007411144,20.985445619729873
lucknow_lcs,Lucknow,71,17041,61.802242631595966,63.173745180638036,1.37150254904207,2.219179257325039,7.710815093010974,0.134968605128807,0.7628660289889091,31.01420202443302,365,3.464276984952982,1.012439890496509,3.9806185125190634,9.814431801884178,103.30618063966753
chicago_lcs_corrected_no_collocation,Chicago,277,20665,10.564665761550287,10.549708909093592,-0.014956852456695202,-0.14157430811611776,3.135736752963949,0.08710379869344302,0.29034599564481006,180.64185603633123,241,-0.009847097474503292,-0.02603773777745033,0.055537920307102785,0.14917099468060435,0.3478794215352927
