city,lowest_missing_hour,lowest_hour_missing_pct,highest_missing_hour,highest_hour_missing_pct,hourly_range_pct_points
Chicago,22,2.485305964137601,8,8.573261330071306,6.087955365933705
Dhaka,22,12.156555772994128,23,15.373776908023483,3.217221135029355
Lucknow,21,27.628786417132932,17,29.562029712521703,1.9332432953887704
