dataset_key,city,metric,k_nearest_neighbors,morans_i,permutation_p_two_sided,permutation_p_positive_clustering
dhaka_lcs,Dhaka,record_missing_pct,5,0.20050560583853375,0.015396920615876825,0.008798240351929614
dhaka_lcs,Dhaka,daily_missing_pct,5,-0.007871334994757014,0.9392121575684863,0.370125974805039
dhaka_lcs,Dhaka,longest_missing_gap_days,5,-0.07906062487068072,0.40691861627674464,0.705258948210358
lucknow_lcs,Lucknow,record_missing_pct,5,0.007735574492275989,0.9092181563687263,0.34453109378124375
lucknow_lcs,Lucknow,daily_missing_pct,5,0.0030065282707478235,0.9580083983203359,0.3713257348530294
lucknow_lcs,Lucknow,longest_missing_gap_days,5,-0.059845124683024616,0.34653069386122776,0.763247350529894
chicago_lcs_corrected_no_collocation,Chicago,record_missing_pct,5,0.0631138830405045,0.05138972205558888,0.05118976204759048
chicago_lcs_corrected_no_collocation,Chicago,daily_missing_pct,5,0.0631138830405045,0.05058988202359528,0.05038992201559688
chicago_lcs_corrected_no_collocation,Chicago,longest_missing_gap_days,5,0.06168375989752916,0.047590481903619274,0.047590481903619274
