model_name,target,features,n_rows,n_features,full_r2,full_adjusted_r2,full_rmse,full_mae,cv_r2,cv_adjusted_r2,cv_rmse,cv_mae,sample_size,time_scale
period_error_n_only,ape_median_pct,log_sample_size,87,1,0.5532273240246146,0.5479711748954924,1.5115418876143507,1.1426338438394474,0.5281252351242169,0.5225737673021489,1.553424895191069,1.179172650224678,all_period_n,study_period
period_error_n_fraction,ape_median_pct,"log_sample_size, sampling_fraction",87,2,0.5649897187539188,0.5546323311052026,1.4915116340841308,1.1530213582935955,0.5289224189013092,0.5177062860180071,1.5521121649049665,1.2216664708632432,all_period_n,study_period
period_error_n_city,ape_median_pct,"log_sample_size, sampling_fraction, city_Dhaka, city_Lucknow",87,4,0.9047520617226105,0.9001058208310305,0.697918445339669,0.5054863642758705,0.8902974132732183,0.884946067579229,0.7490060378938006,0.5305878819493564,all_period_n,study_period
period_error_n_support,ape_median_pct,"log_sample_size, sampling_fraction, log_sensor_density, log_median_nearest_neighbor_km, log_reference_sd",87,5,0.9047520617226105,0.8988725593598086,0.697918445339669,0.5054863642758706,0.8902974132732183,0.883525648660454,0.7490060378938004,0.5305878819493557,all_period_n,study_period
period_error_n_only,absolute_error_median_ugm3,log_sample_size,87,1,0.3040164089719246,0.2958283667245355,1.334302681032293,1.0127804453731784,0.27317429874464916,0.264623408141645,1.363546636395298,1.0384927384666485,all_period_n,study_period
period_error_n_fraction,absolute_error_median_ugm3,"log_sample_size, sampling_fraction",87,2,0.3513641240679797,0.33592041273626494,1.2881170871441114,0.999410037910774,0.2994625060894808,0.28278304194875414,1.3386608137714535,1.0567039123993427,all_period_n,study_period
period_error_n_city,absolute_error_median_ugm3,"log_sample_size, sampling_fraction, city_Dhaka, city_Lucknow",87,4,0.8828102205207763,0.8770936459120336,0.5475196710238474,0.39745299044032256,0.8645769027812591,0.8579708980388815,0.5885742115220152,0.41982098833492093,all_period_n,study_period
period_error_n_support,absolute_error_median_ugm3,"log_sample_size, sampling_fraction, log_sensor_density, log_median_nearest_neighbor_km, log_reference_sd",87,5,0.8828102205207763,0.8755762835158859,0.5475196710238474,0.3974529904403228,0.8645769027812593,0.856217452335658,0.5885742115220148,0.4198209883349207,all_period_n,study_period
