model_name,target,features,n_rows,n_features,full_r2,full_adjusted_r2,full_rmse,full_mae,cv_r2,cv_adjusted_r2,cv_rmse,cv_mae,sample_size,time_scale
period_error_n_only,ape_median_pct,log_sample_size,1297,1,0.7011603224387981,0.7009295582090211,0.6089553672809748,0.3147804886826265,0.6978282663978034,0.6975949291517785,0.6123408760422343,0.31584351319690246,all_period_n,study_period
period_error_n_fraction,ape_median_pct,"log_sample_size, sampling_fraction",1297,2,0.7072278015053557,0.7067752942433856,0.6027417157992715,0.28773263445458475,0.7023256489465707,0.7018655649418513,0.6077668956019195,0.290000939886799,all_period_n,study_period
period_error_n_city,ape_median_pct,"log_sample_size, sampling_fraction, city_Dhaka, city_Lucknow",1297,4,0.7151257163948246,0.7142437526684928,0.5945562600088289,0.2974262864272313,0.7081747665613451,0.7072712828664887,0.6017661490728137,0.30013762088170104,all_period_n,study_period
period_error_n_support,ape_median_pct,"log_sample_size, sampling_fraction, log_sensor_density, log_median_nearest_neighbor_km, log_reference_sd",377,5,0.7302213889230024,0.7265855585850374,0.8531679360555453,0.5646889856896911,0.7152686719227582,0.711431322487755,0.8764928850007784,0.5720278866387309,all_period_n,study_period
period_error_n_only,absolute_error_median_ugm3,log_sample_size,1297,1,0.3502769234868085,0.3497752068254083,0.49799394993725704,0.250163622356834,0.34765049300432405,0.3471467482112772,0.49899947628893265,0.25037645221387894,all_period_n,study_period
period_error_n_fraction,absolute_error_median_ugm3,"log_sample_size, sampling_fraction",1297,2,0.4106718593118477,0.40976099665236054,0.4742840396367352,0.19823598160273465,0.40658435467482135,0.40566717438838373,0.47592598420740595,0.19871507650019024,all_period_n,study_period
period_error_n_city,absolute_error_median_ugm3,"log_sample_size, sampling_fraction, city_Dhaka, city_Lucknow",1297,4,0.5545164728663996,0.5531372669000417,0.41235925406695967,0.18962189860853287,0.5468233128828055,0.545420289083681,0.41590457788030216,0.19112282463131058,all_period_n,study_period
period_error_n_support,absolute_error_median_ugm3,"log_sample_size, sampling_fraction, log_sensor_density, log_median_nearest_neighbor_km, log_reference_sd",377,5,0.6528698292667211,0.6481915250789411,0.6107092332886471,0.3980491634026838,0.6304602827761021,0.6254799631369661,0.6301136188224244,0.40376538097998765,all_period_n,study_period
