network,winter_vs_nonwinter_ks_stat,winter_vs_nonwinter_ks_p_approx,chi_square_stat,chi_square_df,chi_square_p_approx
dhaka_lcs,0.27535353535353535,6.84619265872414e-05,7880.788130407589,3,0.0
lucknow_lcs,0.19818181818181818,0.009722344017637649,1232.0421930447574,3,0.0
chicago_aqs,0.28431372549019607,0.0002100693459362351,21706.140918385816,3,0.0
chicago_lcs_corrected,0.16799516908212553,0.06598958386048802,4350.2759545307545,3,0.0
chicago_lcs_raw,0.16799516908212553,0.06598958386048802,4350.2759545307545,3,0.0
